Filename,Size,Unit
Gallery/Alice/alice2.jpg,532.9,K
Gallery/Alice/alice1.jpg,505.49,K
Gallery/Angelissa/angelissa4.jpg,492.33,K
Gallery/Angelissa/angelissa3.jpg,491.68,K
Gallery/Angelissa/angelissa1.jpg,483.08,K
Gallery/Angelissa/angelissa2.jpg,483,K
Gallery/Cheyenne Wild/cwild2.jpg,500.21,K
Gallery/Cheyenne Wild/cwild3.jpg,491.12,K
Gallery/Cheyenne Wild/cwild1.jpg,486.68,K
Gallery/Elhedril Silverstar/esilverstar1.jpg,661.93,K
Gallery/Elhedril Silverstar/esilverstar2.jpg,561.71,K
Gallery/Elhedril Silverstar/esilverstar3.jpg,541.06,K
Gallery/Hitomi Neko/hneko2.jpg,621.08,K
Gallery/Hitomi Neko/hneko1.jpg,615.34,K
Gallery/June Butterfly/jbutterfly3.jpg,600.58,K
Gallery/June Butterfly/jbutterfly2.jpg,596.89,K
Gallery/June Butterfly/jbutterfly1.jpg,580.5,K
Gallery/Kelly Comet/kcomet1.jpg,653.67,K
Gallery/Kim California/kcalifornia2.jpg,692.02,K
Gallery/Kim California/kcalifornia1.jpg,690.02,K
Gallery/Lady Kitana/kitana1.jpg,547.17,K
Gallery/Lady Kitana/kitana2.jpg,542.94,K
Gallery/Madison Shelby/mshelby.jpg,553.11,K
Gallery/Melody Sin/msin1.jpg,486.46,K
Gallery/Melody Sin/msin2.jpg,473.98,K
Gallery/Nova Star/nstar2.jpg,438.81,K
Gallery/Nova Star/nstar1.jpg,431.75,K
Gallery/Nova Star/nstar_bust_1400.jpg,416.73,K
Gallery/Olivia Styles/ostyles3.jpg,407.8,K
Gallery/Olivia Styles/ostyles2.jpg,406.58,K
Gallery/Olivia Styles/ostyles1.jpg,399.66,K
Gallery/Pearl Williams/pwilliams2.jpg,727.11,K
Gallery/Pearl Williams/pwilliams1.jpg,708.45,K
Gallery/Samantha Soft/ssoft.jpg,598.38,K
Gallery/Samus Aran/saran3.jpg,649.43,K
Gallery/Samus Aran/saran2.jpg,589.98,K
Gallery/Samus Aran/saran1.jpg,566.42,K
Gallery/Tabitha Black/tblack2.jpg,654.25,K
Gallery/Tabitha Black/tblack1.jpg,616.1,K
Gallery/Vanessa Bond/vbond2.jpg,641.14,K
Gallery/Vanessa Bond/vbond1.jpg,623.42,K
Gallery/Wonder Woman/wwoman2.jpg,546.16,K
Gallery/Wonder Woman/wwoman1.jpg,543.71,K
