Filename,Size,Unit
Acheset y Pseudónimo/Desde el Soul hasta el Alma/01._Acheset_y_Pseudnimo_-_Me_define_-_www.hhgroups.com.ogg,3.45,M
Acheset y Pseudónimo/Desde el Soul hasta el Alma/02._Acheset_y_Pseudnimo_-_Es_el_momento__con_Mais__-_www.hhgroups.com.ogg,8.05,M
Acheset y Pseudónimo/Desde el Soul hasta el Alma/03._Acheset_y_Pseudnimo_-_Hey_-_www.hhgroups.com.ogg,8.91,M
Acheset y Pseudónimo/Desde el Soul hasta el Alma/04._Acheset_y_Pseudnimo_-_Explicito__con_Marin_y_Wine__-_www.hhgroups.com.ogg,7.15,M
Acheset y Pseudónimo/Desde el Soul hasta el Alma/05._Acheset_y_Pseudnimo_-_Desde_el_soul_hasta_el_alma_-_www.hhgroups.com.ogg,5.47,M
Acheset y Pseudónimo/Desde el Soul hasta el Alma/06._Acheset_y_Pseudnimo_-_Tres_cigarros_-_www.hhgroups.com.ogg,5.43,M
Ciniko y Lhanze/Amor en tiempos de guerra/01._Ciniko_y_Lhanze_-_Intentemoslo__Producido_por_Lhanze__-_www.hhgroups.com.ogg,4.31,M
Ciniko y Lhanze/Amor en tiempos de guerra/02._Ciniko_y_Lhanze_-_Y_tu_como_lo_vives__Producido_por_Lhanze__-_www.hhgroups.com.ogg,5.39,M
Ciniko y Lhanze/Amor en tiempos de guerra/03._Ciniko_y_Lhanze_-_Amor_en_tiempos_de_guerra__Producido_por_FX_Producciones__-_www.hhgroups.com.ogg,4.59,M
Ciniko y Lhanze/Amor en tiempos de guerra/04._Ciniko_y_Lhanze_-_Algo_mas_que_cantar_en_mi_alma__Producido_por_Lhanze__-_www.hhgroups.com.ogg,4.98,M
Ciniko y Lhanze/Amor en tiempos de guerra/05._Ciniko_y_Lhanze_-_Que_no__Producido_por_Lhanze__-_www.hhgroups.com.ogg,6.89,M
Ciniko y Lhanze/Amor en tiempos de guerra/06._Ciniko_y_Lhanze_-_Trescientos__Producido_por_Ddo_Producciones__-_www.hhgroups.com.ogg,4.47,M
Ciniko y Lhanze/Amor en tiempos de guerra/07._Ciniko_y_Lhanze_-_Que_ya_lo_se__Producido_por_Lhanze__-_www.hhgroups.com.ogg,5.81,M
Ciniko y Lhanze/Amor en tiempos de guerra/08._Ciniko_y_Lhanze_-_Doblones__Producido_por_Lhanze__-_www.hhgroups.com.ogg,4.07,M
Ciniko y Lhanze/Amor en tiempos de guerra/09._Ciniko_y_Lhanze_-_Cuento_contigo__Producido_por_Lhanze__-_www.hhgroups.com.ogg,7.32,M
Ciniko y Lhanze/Amor en tiempos de guerra/10._Ciniko_y_Lhanze_-_Dime_como_huele_el_viento__Producido_por_Kaim_produce__-_www.hhgroups.com.ogg,4.59,M
Ciniko y Lhanze/Amor en tiempos de guerra/11._Ciniko_y_Lhanze_-_Hasta_luego__Producido_por_Lhanze__-_www.hhgroups.com.ogg,6.23,M
Crew Cuervos/Maxi/01._Crew_Cuervos_-_Intro_-_www.hhgroups.com.ogg,1.94,M
Crew Cuervos/Maxi/02._Crew_Cuervos_-_Pasala_-_www.hhgroups.com.ogg,11.15,M
Crew Cuervos/Maxi/03._Crew_Cuervos_-_Maaamma___-_www.hhgroups.com.ogg,6.88,M
Crew Cuervos/Maxi/04._Crew_Cuervos_-_Pasala_instrumental_-_www.hhgroups.com.ogg,11.21,M
Del Valle/Fénix/01._Del_valle_-_Intro_por_un..._-_www.hhgroups.com.ogg,2.82,M
Del Valle/Fénix/02._Del_valle_-_Antes_persona_que_raper__Producido_por_Soma__-_www.hhgroups.com.ogg,7.24,M
Del Valle/Fénix/03._Del_valle_-_Soldado_-_www.hhgroups.com.ogg,8.55,M
Del Valle/Fénix/04._Del_valle_-_El_olor_de_una_mujer__Producido_por_Soma__-_www.hhgroups.com.ogg,7.16,M
Del Valle/Fénix/05._Del_valle_-_Pistolas_y_rosas__con_ZPU__-_www.hhgroups.com.ogg,6.75,M
Del Valle/Fénix/06._Del_valle_-_Generacion_x_-_www.hhgroups.com.ogg,5.61,M
Del Valle/Fénix/07._Del_valle_-_Los_diez_mandamientos__Producido_por_Soma__-_www.hhgroups.com.ogg,5.83,M
DJ Joaking y DJ Saot ST - Aftger Hour Alicante/01._Dj_Joaking_y_DJ_Saot_ST_-_Introduccion_-_www.hhgroups.com.ogg,617.13,K
DJ Joaking y DJ Saot ST - Aftger Hour Alicante/02._Dj_Joaking_y_DJ_Saot_ST_-_Santiuve_-_www.hhgroups.com.ogg,3.71,M
DJ Joaking y DJ Saot ST - Aftger Hour Alicante/03._Dj_Joaking_y_DJ_Saot_ST_-_Lesky__La_Odysea__-_www.hhgroups.com.ogg,4.84,M
DJ Joaking y DJ Saot ST - Aftger Hour Alicante/04._Dj_Joaking_y_DJ_Saot_ST_-_Jonko_-_www.hhgroups.com.ogg,4,M
DJ Joaking y DJ Saot ST - Aftger Hour Alicante/05._Dj_Joaking_y_DJ_Saot_ST_-_Desplante_-_www.hhgroups.com.ogg,4.21,M
DJ Joaking y DJ Saot ST - Aftger Hour Alicante/06._Dj_Joaking_y_DJ_Saot_ST_-_La_demente_M_-_www.hhgroups.com.ogg,4.47,M
DJ Joaking y DJ Saot ST - Aftger Hour Alicante/07._Dj_Joaking_y_DJ_Saot_ST_-_Dj_Saot_ST_-_www.hhgroups.com.ogg,2.7,M
DJ Joaking y DJ Saot ST - Aftger Hour Alicante/08._Dj_Joaking_y_DJ_Saot_ST_-_Borja__Sulphur4invaders__-_www.hhgroups.com.ogg,5.08,M
DJ Joaking y DJ Saot ST - Aftger Hour Alicante/09._Dj_Joaking_y_DJ_Saot_ST_-_Cres_One_-_www.hhgroups.com.ogg,2.83,M
DJ Joaking y DJ Saot ST - Aftger Hour Alicante/10._Dj_Joaking_y_DJ_Saot_ST_-_Pozo_aka_Musikandante__La_Odysea__-_www.hhgroups.com.ogg,4.89,M
DJ Joaking y DJ Saot ST - Aftger Hour Alicante/11._Dj_Joaking_y_DJ_Saot_ST_-_Jose_Rivera_-_www.hhgroups.com.ogg,3.62,M
DJ Joaking y DJ Saot ST - Aftger Hour Alicante/12._Dj_Joaking_y_DJ_Saot_ST_-_Lom_C_-_www.hhgroups.com.ogg,5.85,M
DJ Joaking y DJ Saot ST - Aftger Hour Alicante/13._Dj_Joaking_y_DJ_Saot_ST_-_After_hour_alicante_-_www.hhgroups.com.ogg,2.78,M
DJ Joaking y DJ Saot ST - Aftger Hour Alicante/14._Dj_Joaking_y_DJ_Saot_ST_-_Bambu_-_www.hhgroups.com.ogg,3.77,M
DJ Joaking y DJ Saot ST - Aftger Hour Alicante/15._Dj_Joaking_y_DJ_Saot_ST_-_Carakol_-_www.hhgroups.com.ogg,3.49,M
DJ Joaking y DJ Saot ST - Aftger Hour Alicante/16._Dj_Joaking_y_DJ_Saot_ST_-_Nach_-_www.hhgroups.com.ogg,3.55,M
DJ Joaking y DJ Saot ST - Aftger Hour Alicante/17._Dj_Joaking_y_DJ_Saot_ST_-_Valdes_-_www.hhgroups.com.ogg,2.9,M
DJ Joaking y DJ Saot ST - Aftger Hour Alicante/18._Dj_Joaking_y_DJ_Saot_ST_-_Fado__Contacto_Tactico__-_www.hhgroups.com.ogg,3.6,M
DJ Joaking y DJ Saot ST - Aftger Hour Alicante/19._Dj_Joaking_y_DJ_Saot_ST_-_Syla_-_www.hhgroups.com.ogg,3.15,M
DJ Joaking y DJ Saot ST - Aftger Hour Alicante/20._Dj_Joaking_y_DJ_Saot_ST_-_Dash_Shamash_-_www.hhgroups.com.ogg,4.56,M
DJ Joaking y DJ Saot ST - Aftger Hour Alicante/21._Dj_Joaking_y_DJ_Saot_ST_-_Lhyon__La_Odysea__-_www.hhgroups.com.ogg,3.67,M
DJ Joaking y DJ Saot ST - Aftger Hour Alicante/22._Dj_Joaking_y_DJ_Saot_ST_-_Bls_aka_Rigor_Mortis_-_www.hhgroups.com.ogg,5.08,M
DJ Joaking y DJ Saot ST - Aftger Hour Alicante/23._Dj_Joaking_y_DJ_Saot_ST_-_Kaos__Microfonos_Enfermos__-_www.hhgroups.com.ogg,4.01,M
DJ Joaking y DJ Saot ST - Aftger Hour Alicante/24._Dj_Joaking_y_DJ_Saot_ST_-_Dj_Joaking_-_www.hhgroups.com.ogg,3.67,M
DJ Joaking y DJ Saot ST - Aftger Hour Alicante/25._Dj_Joaking_y_DJ_Saot_ST_-_Trondosh_-_www.hhgroups.com.ogg,5,M
DJ Joaking y DJ Saot ST - Aftger Hour Alicante/26._Dj_Joaking_y_DJ_Saot_ST_-_Madnass_-_www.hhgroups.com.ogg,4.16,M
DJ Joaking y DJ Saot ST - Aftger Hour Alicante/27._Dj_Joaking_y_DJ_Saot_ST_-_Siler__Contacto_Tactico__-_www.hhgroups.com.ogg,2.83,M
DJ Joaking y DJ Saot ST - Aftger Hour Alicante/28._Dj_Joaking_y_DJ_Saot_ST_-_Bha_-_www.hhgroups.com.ogg,3.96,M
DJ Joaking y DJ Saot ST - Aftger Hour Alicante/29._Dj_Joaking_y_DJ_Saot_ST_-_Jaloner_-_www.hhgroups.com.ogg,4.15,M
DJ Joaking y DJ Saot ST - Aftger Hour Alicante/30._Dj_Joaking_y_DJ_Saot_ST_-_Arkano_-_www.hhgroups.com.ogg,2.8,M
DJ Joaking y DJ Saot ST - Aftger Hour Alicante/31._Dj_Joaking_y_DJ_Saot_ST_-_Abram_-_www.hhgroups.com.ogg,4.61,M
DJ Joaking y DJ Saot ST - Aftger Hour Alicante/32._Dj_Joaking_y_DJ_Saot_ST_-_Outro_-_www.hhgroups.com.ogg,4.3,M
DJ Pera/Periplo/01._Dj_Pera_-_Intro__con_Dj_Pera__-_www.hhgroups.com.ogg,3.87,M
DJ Pera/Periplo/02._Dj_Pera_-_Me_han_dicho__con_Juho__-_www.hhgroups.com.ogg,7.62,M
DJ Pera/Periplo/03._Dj_Pera_-_Cuenta_atras__con_Bajo_Mnimos__-_www.hhgroups.com.ogg,7.92,M
DJ Pera/Periplo/04._Dj_Pera_-_Bambas_nuevas__con_Ijah__-_www.hhgroups.com.ogg,7.15,M
DJ Pera/Periplo/05._Dj_Pera_-_Si_te_tuviera_que_contar__con_Roockye_Jackye__-_www.hhgroups.com.ogg,7.77,M
DJ Pera/Periplo/06._Dj_Pera_-_Mas_amor__con_Jefe_de_la_M__-_www.hhgroups.com.ogg,8.55,M
DJ Pera/Periplo/07._Dj_Pera_-_Tal_vez_ya_no_recuerdes__con_Bako__-_www.hhgroups.com.ogg,6.1,M
DJ Pera/Periplo/08._Dj_Pera_-_Mi_periplo__con_Keyo_y_Fran_Romero__-_www.hhgroups.com.ogg,9.42,M
DJ Pera/Periplo/09._Dj_Pera_-_Solo__con_PutoLargo__-_www.hhgroups.com.ogg,8.57,M
DJ Pera/Periplo/10._Dj_Pera_-_In_your_radio__con_Gordo_Master__-_www.hhgroups.com.ogg,9.44,M
DJ Pera/Periplo/11._Dj_Pera_-_Sultanes_del_rap__con_SIF__-_www.hhgroups.com.ogg,10.55,M
DJ Pera/Periplo/12._Dj_Pera_-_Se_llama_rap__con_Jokerfeler__-_www.hhgroups.com.ogg,7.41,M
DJ Pera/Periplo/13._Dj_Pera_-_Mi_estacion__con_El_Nio__-_www.hhgroups.com.ogg,6.55,M
DJ Pera/Periplo/14._Dj_Pera_-_Unless_we_take_control__con_Menteroja__-_www.hhgroups.com.ogg,6.45,M
DJ Pera/Periplo/15._Dj_Pera_-_M._Royalz__con_Juho_y_Jokerfeler__-_www.hhgroups.com.ogg,8.2,M
DJ Pera/Periplo/16._Dj_Pera_-_Esos_cerdos__con_Picos_pardos__-_www.hhgroups.com.ogg,8.27,M
DJ Pera/Periplo/17._Dj_Pera_-_Yo_soy_el_Joooker__con_Shotta__-_www.hhgroups.com.ogg,7.22,M
DJ Pera/Periplo/18._Dj_Pera_-_Apuesta__con_Rabasco__-_www.hhgroups.com.ogg,9.63,M
DJ Pera/Periplo/19._Dj_Pera_-_Quedate_con_esto__con_Jesuly_y_Trafik__-_www.hhgroups.com.ogg,6.23,M
El Momo y Pseudo Beats - Entelequia/01._El_Momo_y_Pseudo_Beats_-_Cuando_muero...__Producido_por_Pseudo_Beats__-_www.hhgroups.com.ogg,5.15,M
El Momo y Pseudo Beats - Entelequia/02._El_Momo_y_Pseudo_Beats_-_Narcotraficante__con_Wine_al_scratch___Producido_por_Pseudo_Beats__-_www.hhgroups.com.ogg,5.66,M
El Momo y Pseudo Beats - Entelequia/03._El_Momo_y_Pseudo_Beats_-_Ultimo_trago__con_Pseudonimo_al_estribillo___Producido_por_Pseudo_Beats__-_www.hhgroups.com.ogg,6.16,M
El Momo y Pseudo Beats - Entelequia/04._El_Momo_y_Pseudo_Beats_-_Un_plan_brillante__Producido_por_Pseudo_Beats__-_www.hhgroups.com.ogg,3.29,M
El Momo y Pseudo Beats - Entelequia/05._El_Momo_y_Pseudo_Beats_-_Mas_fria_que_el_silencio__Producido_por_Pseudo_Beats__-_www.hhgroups.com.ogg,8.84,M
El Momo y Pseudo Beats - Entelequia/06._El_Momo_y_Pseudo_Beats_-_Entelequia__con_El_Bezea___Producido_por_Pseudo_Beats__-_www.hhgroups.com.ogg,7.42,M
El Piezas/El Piezas - 750 La nueva era/01._Piezas_-_Intro_-_www.hhgroups.com.ogg,1.67,M
El Piezas/El Piezas - 750 La nueva era/02._Piezas_-_TNT__con_Dj_Hem__-_www.hhgroups.com.ogg,7.51,M
El Piezas/El Piezas - 750 La nueva era/03._Piezas_-_Ansiedad__con_Jotace__-_www.hhgroups.com.ogg,8.6,M
El Piezas/El Piezas - 750 La nueva era/04._Piezas_-_Anyo_tras_anyo__con_Soriano__-_www.hhgroups.com.ogg,7.38,M
El Piezas/El Piezas - 750 La nueva era/05._Piezas_-_Tango_sucio__L.N.E__-_www.hhgroups.com.ogg,9.06,M
El Piezas/El Piezas - 750 La nueva era/06._Piezas_-_Prologo_-_www.hhgroups.com.ogg,1.08,M
El Piezas/El Piezas - 750 La nueva era/07._Piezas_-_Kinkis__con_Aryon_y_Negro__-_www.hhgroups.com.ogg,7.29,M
El Piezas/El Piezas - 750 La nueva era/08._Piezas_-_Envidia_-_www.hhgroups.com.ogg,2.89,M
El Piezas/El Piezas - 750 La nueva era/09._Piezas_-_Solo_recuerdos__con_Nano_MC_y_Vanessa__-_www.hhgroups.com.ogg,8.6,M
El Piezas/El Piezas - 750 La nueva era/10._Piezas_-_Sweets_dreams__750_version__-_www.hhgroups.com.ogg,9.9,M
El Piezas/El Piezas - 750 La nueva era/11._Piezas_-_La_ultima_lagrima__con_Borja__-_www.hhgroups.com.ogg,8.26,M
El Piezas/El Piezas - 750 La nueva era/12._Piezas_-_Arena_roja_-_www.hhgroups.com.ogg,2.35,M
El Piezas/El Piezas - 750 La nueva era/13._Piezas_-_Quinceanyeros__con_Zare__-_www.hhgroups.com.ogg,9.55,M
El Piezas/El Piezas - 750 La nueva era/14._Piezas_-_Nacer_para_morir_-_www.hhgroups.com.ogg,6.96,M
El Piezas/El Piezas - 750 La nueva era/15._Piezas_-_Interludio_-_www.hhgroups.com.ogg,1.92,M
El Piezas/El Piezas - 750 La nueva era/16._Piezas_-_3_cosas_hay_en_la_vida_-_www.hhgroups.com.ogg,8.72,M
El Piezas/El Piezas - 750 La nueva era/17._Piezas_-_Beavis_Y_budhead__con_Jotabe__-_www.hhgroups.com.ogg,7.91,M
El Piezas/El Piezas - 750 La nueva era/18._Piezas_-_El_fin_-_www.hhgroups.com.ogg,6.74,M
Flowklórikos/Donde duele inspira/01._Flowklorikos_-_Uno_-_www.hhgroups.com.ogg,828.2,K
Flowklórikos/Donde duele inspira/02._Flowklorikos_-_Lluvia_y_fuego_-_www.hhgroups.com.ogg,9.64,M
Flowklórikos/Donde duele inspira/03._Flowklorikos_-_Donde_duele_inspira_-_www.hhgroups.com.ogg,6.17,M
Flowklórikos/Donde duele inspira/04._Flowklorikos_-_Por_amor_al_odio_-_www.hhgroups.com.ogg,9.37,M
Flowklórikos/Donde duele inspira/05._Flowklorikos_-_Soy_loco_por_ti_-_www.hhgroups.com.ogg,7.72,M
Flowklórikos/Donde duele inspira/06._Flowklorikos_-_Desde_el_barro__con_Carlos_Talavera__-_www.hhgroups.com.ogg,6.68,M
Flowklórikos/Donde duele inspira/07._Flowklorikos_-_Folio_en_blanco__Improvisacion__-_www.hhgroups.com.ogg,5.56,M
Flowklórikos/Donde duele inspira/08._Flowklorikos_-_In-extremis_-_www.hhgroups.com.ogg,1.52,M
Flowklórikos/Donde duele inspira/09._Flowklorikos_-_Sucio__con_Carlos_Talavera__-_www.hhgroups.com.ogg,3.59,M
Flowklórikos/Donde duele inspira/10._Flowklorikos_-_Artesano_del_arte_insano_-_www.hhgroups.com.ogg,10.07,M
Flowklórikos/Donde duele inspira/11._Flowklorikos_-_Cosquijazz_-_www.hhgroups.com.ogg,6.15,M
Flowklórikos/Donde duele inspira/12._Flowklorikos_-_Mis_ego_depresiones_-_www.hhgroups.com.ogg,5.47,M
Flowklórikos/Donde duele inspira/13._Flowklorikos_-_13_-_www.hhgroups.com.ogg,5.61,M
Freshmakers/Analogico/01._Freshmakers_-_Di_que_si__Producido_por_Sone__-_www.HHGroups.com.ogg,4.97,M
Freshmakers/Analogico/02._Freshmakers_-_Pura_magia__Producido_por_Sone__-_www.HHGroups.com.ogg,5.91,M
Freshmakers/Analogico/03._Freshmakers_-_Check_it_and_go__Producido_por_Dj_Cena__-_www.HHGroups.com.ogg,5.74,M
Freshmakers/Analogico/04._Freshmakers_-_Wrong__con_Kenn_Starr___Producido_por_Sone__-_www.HHGroups.com.ogg,7.51,M
Freshmakers/Analogico/05._Freshmakers_-_Dubai__con_La_Nuit___Producido_por_Sone__-_www.HHGroups.com.ogg,5.57,M
Freshmakers/Analogico/06._Freshmakers_-_Di_que_si__Version_rojo___Producido_por_Sone__-_www.HHGroups.com.ogg,5.6,M
Freshmakers/Analogico/07._Freshmakers_-_The_red_remake__Tributo_a_Jdilla___Producido_por_Sone__-_www.HHGroups.com.ogg,3.14,M
Freshmakers/Analogico/08._Freshmakers_-_Pura_magia__Remix___Producido_por_Sone__-_www.HHGroups.com.ogg,5.01,M
Freshmakers/Freshmakers_-_Supernova/01._Freshmakers_-_Droga_en_la_cama__con_Ines_Marin___Producido_por_Ciclo__-_www.hhgroups.com.ogg,5.73,M
Freshmakers/Freshmakers_-_Supernova/02._Freshmakers_-_Suena_del_copon__Producido_por_Sone__-_www.hhgroups.com.ogg,6.32,M
Freshmakers/Freshmakers_-_Supernova/03._Freshmakers_-_T.a.c.t.o__con_Ines_Marin___Producido_por_Ciclo__-_www.hhgroups.com.ogg,7.19,M
Freshmakers/Freshmakers_-_Supernova/04._Freshmakers_-_Ambrosia__Producido_por_Sone__-_www.hhgroups.com.ogg,4.89,M
Freshmakers/Freshmakers_-_Supernova/05._Freshmakers_-_Unica__Producido_por_Ciclo__-_www.hhgroups.com.ogg,8.61,M
Freshmakers/Freshmakers_-_Supernova/06._Freshmakers_-_Hasta_que_pase__Remix___Producido_por_Sone__-_www.hhgroups.com.ogg,5.91,M
Freshmakers/Freshmakers_-_Supernova/07._Freshmakers_-_Supernova__Producido_por_Kev_brown__-_www.hhgroups.com.ogg,3.9,M
Genioh y Cadierno/Punto G/01._Genioh_y_Cadierno_-_Bienvenidos_al_orgasmo__Producido_por_LDND_PROducciones__-_www.HHGroups.com.ogg,1.01,M
Genioh y Cadierno/Punto G/02._Genioh_y_Cadierno_-_Punto_g__Producido_por_LDND_PROducciones__-_www.HHGroups.com.ogg,7.34,M
Genioh y Cadierno/Punto G/03._Genioh_y_Cadierno_-_Yo_contra_todos_3__Producido_por_LDND_PROducciones__-_www.HHGroups.com.ogg,6.33,M
Genioh y Cadierno/Punto G/04._Genioh_y_Cadierno_-_Suma_y_sigue__Producido_por_LDND_PROducciones__-_www.HHGroups.com.ogg,4.69,M
Genioh y Cadierno/Punto G/05._Genioh_y_Cadierno_-_Por_el_culo_te_la_hinco__con_JPelirrojo___Producido_por_LDND_PROducciones__-_www.HHGroups.com.ogg,7.18,M
Genioh y Cadierno/Punto G/06._Genioh_y_Cadierno_-_Soplagaitas__Producido_por_LDND_PROducciones__-_www.HHGroups.com.ogg,3.51,M
Genioh y Cadierno/Punto G/07._Genioh_y_Cadierno_-_Interludio__Producido_por_LDND_PROducciones__-_www.HHGroups.com.ogg,1.15,M
Genioh y Cadierno/Punto G/08._Genioh_y_Cadierno_-_Sin_city__Producido_por_LDND_PROducciones__-_www.HHGroups.com.ogg,5.94,M
Genioh y Cadierno/Punto G/09._Genioh_y_Cadierno_-_Entre_bombas__con_Serto___Producido_por_LDND_PROducciones__-_www.HHGroups.com.ogg,6.57,M
Genioh y Cadierno/Punto G/10._Genioh_y_Cadierno_-_Coitos_interruptus__Producido_por_LDND_PROducciones__-_www.HHGroups.com.ogg,6.52,M
Grand Groove/Grand groove I/10_Solo_Es_Amor_Y_Lo_Dems_Son_Tonterias__Grand_Groove.ogg,5.74,M
Grand Groove/Grand groove I/1_Ellos__Grand_Groove.ogg,7.98,M
Grand Groove/Grand groove I/2_Grand_Groove_Con_Grand_Agent__Grand_Groove.ogg,8.24,M
Grand Groove/Grand groove I/3_Algo_Grand__Grand_Groove.ogg,8.88,M
Grand Groove/Grand groove I/4_Lideres_Con_Presin__Grand_Groove.ogg,6.61,M
Grand Groove/Grand groove I/5_Cuentame_Tu_Historia_En_Estos_Das_Tan_Extraos__Grand_Groove.ogg,9.59,M
Grand Groove/Grand groove I/6_La_Batalla_De_Rutina__Grand_Groove.ogg,8.24,M
Grand Groove/Grand groove I/7_Msica_Y_F_Con_Morgan__Grand_Groove.ogg,10.85,M
Grand Groove/Grand groove I/8_Frac__Grand_Groove.ogg,9.31,M
Grand Groove/Grand groove I/9_La_Mujer_Del_Groove_Con_Sharif__Grand_Groove.ogg,8.49,M
Grossomodo/Grossomodo_-_2010_-_Inocentes/01_Intro__Prod._Grossomodo_.ogg,4.28,M
Grossomodo/Grossomodo_-_2010_-_Inocentes/02_Ultraboombap__Prod._Grossomodo_.ogg,7.64,M
Grossomodo/Grossomodo_-_2010_-_Inocentes/03_Inocentes__Prod._Grossomodo_.ogg,6.56,M
Grossomodo/Grossomodo_-_2010_-_Inocentes/04_Antes_del_colapso__Prod._Grossomodo_.ogg,8.4,M
Grossomodo/Grossomodo_-_2010_-_Inocentes/05_Musica__Prod._Grossomodo_.ogg,8.05,M
Grossomodo/Grossomodo_-_2010_-_Inocentes/06_Hojas_en_blanco__Prod._Grossomodo_.ogg,6.91,M
Grossomodo/Grossomodo_-_2010_-_Inocentes/07_Ya_se_sabe__Prod._Grossomodo_.ogg,11.34,M
Grossomodo/Grossomodo_-_2010_-_Inocentes/08_Adamantio__Prod._Grossomodo_.ogg,6.45,M
Grossomodo/Grossomodo_-_2010_-_Inocentes/09_Q.M.V.A.C.__Prod._Grossomodo_.ogg,9.57,M
Grossomodo/Grossomodo_-_2010_-_Inocentes/10_Veintitantos__Prod._Grossomodo_.ogg,8.16,M
Grossomodo/Grossomodo_-_2010_-_Inocentes/11_Vida_en_martes__Prod._Grossomodo_.ogg,7.23,M
Grossomodo/Grossomodo_-_2010_-_Inocentes/12_Locomotion__con_Welelo___Prod._Ferran_MDE_.ogg,9.8,M
Grossomodo/Grossomodo_-_2010_-_Inocentes/13_El_triable__Prod._Grossomodo_.ogg,9.43,M
Grossomodo/Grossomodo_-_2010_-_Inocentes/14_Clasico__con_Ossian__Kalim_el_Jedai__el_Aitor__elDoblezero__Ferran_MDE___Ciengrados___Prod._Grossomodo_.ogg,10.22,M
Grossomodo/Manifiesto/01_-_No_hay_quien__intromission__-_Grossomodo_-_Manifiesto.ogg,2.15,M
Grossomodo/Manifiesto/02_-_Putos_amos_-_Grossomodo_-_Manifiesto.ogg,10.62,M
Grossomodo/Manifiesto/03_-_Phardarthemcee_-_Grossomodo_-_Manifiesto.ogg,8.16,M
Grossomodo/Manifiesto/04_-_Bienvenido_-_Grossomodo_-_Manifiesto.ogg,3.03,M
Grossomodo/Manifiesto/05_-_Rottweiler__con_Huellas_de_barro__-_Grossomodo_-_Manifiesto.ogg,11.53,M
Grossomodo/Manifiesto/06_-_Me_la_pela..._a_mi_ke___-_Grossomodo_-_Manifiesto.ogg,9.6,M
Grossomodo/Manifiesto/07_-_Grozzeros__con_Doblezero___-_Grossomodo_-_Manifiesto.ogg,11.8,M
Grossomodo/Manifiesto/08_-_Arena__-_Grossomodo_-_Manifiesto.ogg,8.2,M
Grossomodo/Manifiesto/09_-_Welelo_skit__-_Grossomodo_-_Manifiesto.ogg,3.21,M
Grossomodo/Manifiesto/10_-_Ramala_-_Grossomodo_-_Manifiesto.ogg,5.91,M
Grossomodo/Manifiesto/11_-_Contracultura__con_Dani_Ro__-_Grossomodo_-_Manifiesto.ogg,14.3,M
Grossomodo/Manifiesto/12_-_Llevadme_ante_vuestro_lider_-_Grossomodo_-_Manifiesto.ogg,9.37,M
Grossomodo/Manifiesto/13_-_Sin_piedad__con_Doblezero__-_Grossomodo_-_Manifiesto.ogg,11.89,M
Grossomodo/Manifiesto/14_-_Fuego_y_hielo_-_Grossomodo_-_Manifiesto.ogg,5.89,M
Grossomodo/Manifiesto/15_-_Outrolophitecus_-_Grossomodo_-_Manifiesto.ogg,4.22,M
Grossomodo/XTRAGOS_-_LIBREPENSADOR/01_-_Entro_-_www.grossomodo.org.ogg,5.15,M
Grossomodo/XTRAGOS_-_LIBREPENSADOR/02_-_Vuelvo_-_www.grossomodo.org.ogg,7.38,M
Grossomodo/XTRAGOS_-_LIBREPENSADOR/03_-_La_rueda_cuadrada_-_www.grossomodo.org.ogg,5.7,M
Grossomodo/XTRAGOS_-_LIBREPENSADOR/04_-_Sagitaries__con_ElDoblezero__-_www.grossomodo.org.ogg,6.42,M
Grossomodo/XTRAGOS_-_LIBREPENSADOR/05_-_Polvo_del_cosmos_-_www.grossomodo.org.ogg,8.06,M
Grossomodo/XTRAGOS_-_LIBREPENSADOR/06_-_El_Refugio__con_Hacheka__-_www.grossomodo.org.ogg,8.03,M
Grossomodo/XTRAGOS_-_LIBREPENSADOR/07_-_Bochorno_-_www.grossomodo.org.ogg,6.99,M
Grossomodo/XTRAGOS_-_LIBREPENSADOR/08_-_Pequena_leyenda_-_www.grossomodo.org.ogg,6.97,M
Grossomodo/XTRAGOS_-_LIBREPENSADOR/09_-_Altibajos__con_KungFlow__-_www.grossomodo.org.ogg,8.44,M
Grossomodo/XTRAGOS_-_LIBREPENSADOR/10_-_Mi_medicancion_-_www.grossomodo.org.ogg,7.09,M
Grossomodo/XTRAGOS_-_LIBREPENSADOR/11_-_Nada_pensado_-_www.grossomodo.org.ogg,10.66,M
Hablando en Plata/01.Maqueta__1999_/01_Intro_Al_Souvenir.ogg,4.15,M
Hablando en Plata/01.Maqueta__1999_/02_Onde_Te_Metiste.ogg,3.68,M
Hablando en Plata/01.Maqueta__1999_/03_Entrenaos.ogg,3.08,M
Hablando en Plata/01.Maqueta__1999_/04_El_Sicario.ogg,4.02,M
Hablando en Plata/01.Maqueta__1999_/05_Po_Se_Acabo.ogg,2.1,M
Hablando en Plata/01.Maqueta__1999_/06_A_Lo_Hondo_Hundiendote.ogg,3.58,M
Hablando en Plata/01.Maqueta__1999_/07_He_Mostro.ogg,1.87,M
Hablando en Plata/01.Maqueta__1999_/08_Viaje_Alucinante.ogg,2.98,M
Hablando en Plata/01.Maqueta__1999_/09_Son_Recuerdos.ogg,3.31,M
Hablando en Plata/03.A_sangre_fria__2001_/01_A_Sangre_Fria.ogg,8.63,M
Hablando en Plata/03.A_sangre_fria__2001_/02_Recuerdos_De_Chico__Con_Jota_Mayuscula_.ogg,9.28,M
Hablando en Plata/03.A_sangre_fria__2001_/03_Es_Un_Suvenir__Con_El_Phomega_.ogg,8.49,M
Hablando en Plata/03.A_sangre_fria__2001_/04_Lo_Que_Nos_Define.ogg,6.84,M
Hablando en Plata/03.A_sangre_fria__2001_/05_Hablacadabra.ogg,7.74,M
Hablando en Plata/03.A_sangre_fria__2001_/06_La_Rebelion_De_La_Maquinas__Con_Doble_V_.ogg,10.75,M
Hablando en Plata/03.A_sangre_fria__2001_/07_Narkosis.ogg,2.99,M
Hablando en Plata/03.A_sangre_fria__2001_/08_Grandes_Mc_s_Grandes_Actitudes__Con_Arianna_Puello_y_Frank_T_.ogg,7.23,M
Hablando en Plata/03.A_sangre_fria__2001_/09_Celebraciones_Sangrientas.ogg,4.56,M
Hablando en Plata/03.A_sangre_fria__2001_/10_Aqui_Estoy_Yo.ogg,7.34,M
Hablando en Plata/03.A_sangre_fria__2001_/11_Elixir.ogg,6.93,M
Hablando en Plata/03.A_sangre_fria__2001_/12_Cuando_Me_Quedo_Sin_Boli.ogg,9.39,M
Hablando en Plata/03.A_sangre_fria__2001_/13_Hermanos_Del_Mal.ogg,9.9,M
Hablando en Plata/03.A_sangre_fria__2001_/14_Los_Esquemas_Nos_Elevan.ogg,4.39,M
Hablando en Plata/03.A_sangre_fria__2001_/15_Donbde_Te_Metiste.ogg,9.12,M
Hablando en Plata/03.A_sangre_fria__2001_/16_Sobre_Gustos_Esta_Todo_Escrito.ogg,8.62,M
Hablando en Plata/03.A_sangre_fria__2001_/17_Entrenados_En_El_Lado_Obscuro__Version_Esoterica_.ogg,7.01,M
Hablando en Plata/04.Supervillanos_de_alquiler/02_Kryptonita.ogg,6.28,M
Hablando en Plata/04.Supervillanos_de_alquiler/03_En_El_Rapset.ogg,7.51,M
Hablando en Plata/04.Supervillanos_de_alquiler/04_Visiones.ogg,8.41,M
Hablando en Plata/04.Supervillanos_de_alquiler/05_Mal_Rollo.ogg,5.57,M
Hablando en Plata/04.Supervillanos_de_alquiler/06_Reyes_Del_Horrorcore.ogg,7.15,M
Hablando en Plata/04.Supervillanos_de_alquiler/07_Saltando_Las_Barreras.ogg,6.08,M
Hablando en Plata/04.Supervillanos_de_alquiler/08_Dinero_Y_Prestigio.ogg,8.05,M
Hablando en Plata/04.Supervillanos_de_alquiler/09_Capitulo_IX.ogg,8.1,M
Hablando en Plata/04.Supervillanos_de_alquiler/10_Sonambulos.ogg,5.81,M
Hablando en Plata/04.Supervillanos_de_alquiler/11_Supervillanos_De_Alquiler.ogg,8.63,M
Hablando en Plata/04.Supervillanos_de_alquiler/12_Y_Si....ogg,7.2,M
Hablando en Plata/04.Supervillanos_de_alquiler/13_Horizonte_Universal.ogg,7.9,M
Hablando en Plata/04.Supervillanos_de_alquiler/14_BlackBook_Vinculo.ogg,6.83,M
Hablando en Plata/04.Supervillanos_de_alquiler/15_Hechos_Palabras.ogg,9.06,M
Hablando en Plata/05.La_division_de_la_victoria__2006_/01_-_VIGILANCIA.ogg,2.78,M
Hablando en Plata/05.La_division_de_la_victoria__2006_/02_-_ASESINATO_EN_EL_DIN-A.ogg,7.05,M
Hablando en Plata/05.La_division_de_la_victoria__2006_/03_-_HOMBRES_DE_HONOR.ogg,9.77,M
Hablando en Plata/05.La_division_de_la_victoria__2006_/04_-_LA_DIVISION_DE_LA_VICTORIA.ogg,9.68,M
Hablando en Plata/05.La_division_de_la_victoria__2006_/05_-_PESTANEA_Y_PIERDE.ogg,6.54,M
Hablando en Plata/05.La_division_de_la_victoria__2006_/06_-_QUE_MIRAS_.ogg,8.98,M
Hablando en Plata/05.La_division_de_la_victoria__2006_/07_-_ROL_EN_CLUBS__CON_ELPHOMEGA_.ogg,7.97,M
Hablando en Plata/05.La_division_de_la_victoria__2006_/08_-_PELIGRO.ogg,8.93,M
Hablando en Plata/05.La_division_de_la_victoria__2006_/09_-_VENENO_MORTAL.ogg,8.62,M
Hablando en Plata/05.La_division_de_la_victoria__2006_/10_-_APARTA.ogg,8.94,M
Hablando en Plata/05.La_division_de_la_victoria__2006_/11_-_ENTIDAD_MAGNETICA.ogg,6.65,M
Hablando en Plata/05.La_division_de_la_victoria__2006_/12_-_JUSTICIA_CIEGA.ogg,9.19,M
Hablando en Plata/05.La_division_de_la_victoria__2006_/13_-_FIRMA_AQUI.ogg,8.21,M
Hablando en Plata/05.La_division_de_la_victoria__2006_/14_-_FACIL_FAMA.ogg,8.83,M
Hablando en Plata/05.La_division_de_la_victoria__2006_/15_-_TRAGICO_FINAL.ogg,7.32,M
Hablando en Plata/05.La_division_de_la_victoria__2006_/16_-_HPSQUAD.ogg,7.58,M
