Filename,Size,Unit
Fall of Reach/Boot Camp/Boot Camp issue 1.cbr,101.69,M
Blood Line/Halo Blood Line #5.cbr,80.31,M
Blood Line/Halo Blood Line #3.cbz,71.69,M
Blood Line/Halo Blood Line #1.cbz,41.65,M
Fall of Reach/Invasion/Invasion issue 3.cbz,26.08,M
Fall of Reach/Invasion/Invasion issue 1.cbz,25.93,M
Fall of Reach/Boot Camp/Boot Camp issue 2.cbz,25.51,M
Fall of Reach/Invasion/Invasion issue 2.cbz,24.43,M
Blood Line/Halo Blood Line #4.cbz,24.13,M
Fall of Reach/Invasion/Invasion issue 4.cbz,23.73,M
Fall of Reach/Boot Camp/Boot Camp issue 3.cbz,22.76,M
Fall of Reach/Covenant/Covenant issue 2.cbr,20.37,M
Fall of Reach/Covenant/Covenant issue 4.cbr,19.89,M
Fall of Reach/Covenant/Covenant issue 3.cbr,19.55,M
Fall of Reach/Covenant/Covenant issue 1.cbr,19.53,M
Helljumper/Halo Helljumper 01.cbr,19.18,M
Blood Line/Halo Blood Line #2.cbz,19.05,M
Fall of Reach/Boot Camp/Boot Camp issue 4.cbr,15.42,M
Helljumper/Halo Helljumper 02.cbr,15.19,M
Helljumper/Halo Helljumper 05.cbr,13.88,M
Helljumper/Halo Helljumper 04.cbr,12.34,M
Helljumper/Halo Helljumper 03.cbr,10.59,M
Halo Wars - Genesis_english.cbr,10.11,M
Halo Graphic Novel/halo_gn_113_114ART_rougher.jpg,1.4,M
Uprising/Halo Uprising 1/AA-Halo01-011-12.jpg,1.4,M
Halo Graphic Novel/halo_gn_113_114ARTBH_rougher.jpg,1.32,M
Halo Graphic Novel/halo_gn_007_008_rougher.jpg,1012.56,K
Uprising/Halo Uprising 1/AA-Halo01-021-22.jpg,924.36,K
Uprising/Halo Uprising 1/AA-Halo01-031-32.jpg,885.41,K
Uprising/Halo Uprising 1/AA-Halo01-019-20.jpg,823.75,K
Uprising/Halo Uprising 1/AA-Halo01-003-04.jpg,784.81,K
Halo Graphic Novel/halo_gn_103_104ART_rougher.jpg,779.11,K
Halo Graphic Novel/halo_gn_035_rougher.jpg,765.62,K
Halo Graphic Novel/halo_gn_048_rougher.jpg,762.6,K
Halo Graphic Novel/halo_gn_047_rougher.jpg,755.1,K
Halo Graphic Novel/halo_gn_105_106ART_rougher.jpg,753.53,K
Uprising/Halo Uprising 1/zzzzArchangeltag.jpg,733.83,K
Halo Graphic Novel/halo_gn_049_rougher.jpg,725.58,K
Uprising/Halo Uprising 1/AA-Halo01-013.jpg,718.18,K
Halo Graphic Novel/halo_gn_023_rougher.jpg,713.87,K
Halo Graphic Novel/halo_gn_042_rougher.jpg,708.62,K
Halo Graphic Novel/halo_gn_041_rougher.jpg,708.57,K
Halo Graphic Novel/halo_gn_105_106ARTBH_rougher.jpg,705.2,K
Halo Graphic Novel/halo_gn_010_rougher.jpg,698.19,K
Halo Graphic Novel/halo_gn_053_rougher.jpg,697.8,K
Halo Graphic Novel/halo_gn_094_rougher.jpg,695.31,K
Halo Graphic Novel/halo_gn_080_rougher.jpg,692.77,K
Uprising/Halo Uprising 1/AA-Halo01-007.jpg,692.41,K
Halo Graphic Novel/halo_gn_097_rougher.jpg,685.22,K
Halo Graphic Novel/halo_gn_100_rougher.jpg,680.63,K
Halo Graphic Novel/halo_gn_125ART_rougher.jpg,680.23,K
Halo Graphic Novel/halo_gn_123ART_rougher.jpg,675.46,K
Uprising/Halo Uprising 1/AA-Halo01-009.jpg,667.42,K
Uprising/Halo Uprising 1/AA-Halo01-014.jpg,667.05,K
Halo Graphic Novel/halo_gn_056_rougher.jpg,663.31,K
Halo Graphic Novel/halo_gn_022_rougher.jpg,662.55,K
Halo Graphic Novel/halo_gn_096_rougher.jpg,659.26,K
Halo Graphic Novel/halo_gn_000FJC_rougher.jpg,654.11,K
Halo Graphic Novel/halo_gn_095_rougher.jpg,649.71,K
Halo Graphic Novel/halo_gn_033_rougher.jpg,644.95,K
Uprising/Halo Uprising 1/AA-Halo01-010.jpg,643.3,K
Uprising/Halo Uprising 1/AA-Halo01-034.jpg,640.85,K
Uprising/Halo Uprising 1/AA-Halo01-008.jpg,640.19,K
Halo Graphic Novel/halo_gn_055_rougher.jpg,636.96,K
Halo Graphic Novel/halo_gn_028_rougher.jpg,636.59,K
Halo Graphic Novel/halo_gn_021_rougher.jpg,636.4,K
Halo Graphic Novel/halo_gn_099_rougher.jpg,635.72,K
Halo Graphic Novel/halo_gn_025_rougher.jpg,635.1,K
Halo Graphic Novel/halo_gn_034_rougher.jpg,634.45,K
Halo Graphic Novel/halo_gn_039_rougher.jpg,633.59,K
Halo Graphic Novel/halo_gn_045_rougher.jpg,629.5,K
Halo Graphic Novel/halo_gn_120ART_rougher.jpg,628.25,K
Halo Graphic Novel/halo_gn_031_rougher.jpg,624.75,K
Halo Graphic Novel/halo_gn_043_rougher.jpg,620.86,K
Halo Graphic Novel/halo_gn_121_122ART_rougher.jpg,620.43,K
Halo Graphic Novel/halo_gn_027_rougher.jpg,619.33,K
Halo Graphic Novel/halo_gn_013_rougher.jpg,617.55,K
Halo Graphic Novel/halo_gn_051_rougher.jpg,617.34,K
Halo Graphic Novel/halo_gn_098_rougher.jpg,616.09,K
Halo Graphic Novel/halo_gn_090_rougher.jpg,613.62,K
Halo Graphic Novel/halo_gn_026_rougher.jpg,612.47,K
Halo Graphic Novel/halo_gn_050_rougher.jpg,610.87,K
Halo Graphic Novel/halo_gn_020_rougher.jpg,609.23,K
Halo Graphic Novel/halo_gn_130BB_rougher.jpg,608.84,K
Halo Graphic Novel/halo_gn_014_rougher.jpg,607.65,K
Halo Graphic Novel/halo_gn_057_rougher.jpg,603.27,K
Halo Graphic Novel/halo_gn_077_rougher.jpg,602.44,K
Halo Graphic Novel/halo_gn_005_006_rougher.jpg,599.2,K
Halo Graphic Novel/halo_gn_054_rougher.jpg,596.32,K
Halo Graphic Novel/halo_gn_091_rougher.jpg,592.62,K
Halo Graphic Novel/halo_gn_037_rougher.jpg,591.28,K
Uprising/Halo Uprising 1/AA-Halo01-006.jpg,590.92,K
Halo Graphic Novel/halo_gn_029_rougher.jpg,589.96,K
Halo Graphic Novel/halo_gn_092_rougher.jpg,588.54,K
Halo Graphic Novel/halo_gn_030_rougher.jpg,587.97,K
Halo Graphic Novel/halo_gn_018_rougher.jpg,587.2,K
Halo Graphic Novel/halo_gn_024_rougher.jpg,582.09,K
Halo Graphic Novel/halo_gn_089_rougher.jpg,579.71,K
Halo Graphic Novel/halo_gn_093_rougher.jpg,578.01,K
Uprising/Halo Uprising 1/AA-Halo01-005.jpg,577.84,K
Uprising/Halo Uprising 1/AA-Halo01-027.jpg,573,K
Uprising/Halo Uprising 3/001.jpg,572.29,K
Halo Graphic Novel/halo_gn_052_rougher.jpg,570.57,K
Halo Graphic Novel/halo_gn_017_rougher.jpg,565.49,K
Halo Graphic Novel/halo_gn_038_rougher.jpg,564.5,K
Halo Graphic Novel/halo_gn_044_rougher.jpg,561.13,K
Uprising/Halo Uprising 3/031.jpg,555.16,K
Halo Graphic Novel/halo_gn_101_rougher.jpg,550.94,K
Halo Graphic Novel/halo_gn_117ART_rougher.jpg,550.22,K
Halo Graphic Novel/halo_gn_011_rougher.jpg,549.86,K
Halo Graphic Novel/halo_gn_081_rougher.jpg,548.07,K
Halo Graphic Novel/halo_gn_012_rougher.jpg,543.5,K
Halo Graphic Novel/halo_gn_019_rougher.jpg,540.81,K
Halo Graphic Novel/halo_gn_036_rougher.jpg,537.79,K
Halo Graphic Novel/halo_gn_015_rougher.jpg,534.7,K
Halo Graphic Novel/halo_gn_063_rougher.jpg,534.61,K
Halo Graphic Novel/halo_gn_118ART_rougher.jpg,533.48,K
Halo Graphic Novel/halo_gn_040_rougher.jpg,532.54,K
Halo Graphic Novel/halo_gn_076_rougher.jpg,526.87,K
Uprising/Halo Uprising 1/AA-Halo01-015.jpg,524.88,K
Uprising/Halo Uprising 1/AA-Halo01-028.jpg,521.68,K
Halo Graphic Novel/halo_gn_075_rougher.jpg,519.24,K
Halo Graphic Novel/halo_gn_131BB_rougher.jpg,516.53,K
Halo Graphic Novel/halo_gn_082_rougher.jpg,510.3,K
Halo Graphic Novel/halo_gn_046_rougher.jpg,505.28,K
Halo Graphic Novel/halo_gn_016_rougher.jpg,501.95,K
Halo Graphic Novel/halo_gn_032_rougher.jpg,498.74,K
Halo Graphic Novel/halo_gn_066_rougher.jpg,494.69,K
Halo Graphic Novel/halo_gn_071_rougher.jpg,493.38,K
Uprising/Halo Uprising 1/AA-Halo01-018.jpg,485.26,K
Halo Graphic Novel/halo_gn_078_rougher.jpg,484.74,K
Halo Graphic Novel/halo_gn_112ART_rougher.jpg,482.82,K
Halo Graphic Novel/halo_gn_064_rougher.jpg,479.13,K
Halo Graphic Novel/halo_gn_108ART_rougher.jpg,479.08,K
Halo Graphic Novel/halo_gn_115ART_rougher.jpg,478.47,K
Halo Graphic Novel/halo_gn_083_rougher.jpg,476.26,K
Halo Graphic Novel/halo_gn_119ART_rougher.jpg,473.79,K
Uprising/Halo Uprising 1/AA-Halo01-017.jpg,468.92,K
Uprising/Halo Uprising 1/AA-Halo01-016.jpg,462.87,K
Halo Graphic Novel/halo_gn_062_rougher.jpg,462.31,K
Halo Graphic Novel/halo_gn_067_rougher.jpg,462.11,K
Halo Graphic Novel/halo_gn_074_rougher.jpg,457.84,K
Halo Graphic Novel/halo_gn_069_rougher.jpg,453.29,K
Halo Graphic Novel/halo_gn_129ART_rougher.jpg,451.82,K
Halo Graphic Novel/halo_gn_065_rougher.jpg,447.47,K
Halo Graphic Novel/halo_gn_060_rougher.jpg,446.88,K
Halo Graphic Novel/halo_gn_079_rougher.jpg,444.33,K
Halo Graphic Novel/halo_gn_116ART_rougher.jpg,443.53,K
Uprising/Halo Uprising 1/AA-Halo01-002.jpg,442.41,K
Halo Graphic Novel/halo_gn_128ART_rougher.jpg,440.39,K
Halo Graphic Novel/halo_gn_058_rougher.jpg,439.6,K
Uprising/Halo Uprising 1/AA-Halo01-024.jpg,435.4,K
Halo Graphic Novel/halo_gn_109ART_rougher.jpg,427.5,K
Uprising/Halo Uprising 1/AA-Halo01-029.jpg,426.13,K
Uprising/Halo Uprising 1/AA-Halo01-025.jpg,425.02,K
Uprising/Halo Uprising 1/AA-Halo01-001.jpg,423.62,K
Halo Graphic Novel/halo_gn_070_rougher.jpg,420.61,K
Halo Graphic Novel/halo_gn_068_rougher.jpg,419.72,K
Halo Graphic Novel/halo_gn_111ART_rougher.jpg,418.2,K
Halo Graphic Novel/halo_gn_110ART_rougher.jpg,412.91,K
Halo Graphic Novel/halo_gn_088_rougher.jpg,411.18,K
Halo Graphic Novel/halo_gn_084_rougher.jpg,410.21,K
Uprising/Halo Uprising 1/AA-Halo01-033.jpg,409.14,K
Halo Graphic Novel/halo_gn_124ART_rougher.jpg,406.03,K
Halo Graphic Novel/halo_gn_073_rougher.jpg,400.39,K
Halo Graphic Novel/halo_gn_127ART_rougher.jpg,384.21,K
Halo Graphic Novel/halo_gn_009_rougher.jpg,371.94,K
Halo Graphic Novel/halo_gn_126ART_rougher.jpg,370.35,K
Uprising/Halo Uprising 1/AA-Halo01-026.jpg,362.59,K
Uprising/Halo Uprising 1/AA-Halo01-030.jpg,361.74,K
Halo Graphic Novel/halo_gn_087_rougher.jpg,361.4,K
Halo Graphic Novel/halo_gn_072_rougher.jpg,356.19,K
Uprising/Halo Uprising 1/AA-Halo01-023.jpg,355.6,K
Halo Graphic Novel/halo_gn_061_rougher.jpg,352.78,K
Halo Graphic Novel/halo_gn_085_rougher.jpg,337.06,K
Halo Graphic Novel/halo_gn_004_rougher.jpg,334.32,K
Halo Graphic Novel/halo_gn_086_rougher.jpg,321.96,K
Halo Graphic Novel/halo_gn_107ART_rougher.jpg,320.67,K
Halo 3 - The Cradle of Life.cbr,319.27,K
Halo Graphic Novel/halo_gn_059_rougher.jpg,318.37,K
Halo Graphic Novel/halo_gn_102ART_rougher.jpg,314.58,K
Halo Graphic Novel/halo_gn_002FC_rougher.jpg,313.44,K
Uprising/Halo Uprising 3/023.jpg,308.4,K
Uprising/Halo Uprising 3/009.jpg,293.79,K
Uprising/Halo Uprising 4/026.jpg,288.89,K
Uprising/Halo Uprising 2/013.jpg,288.88,K
Uprising/Halo Uprising 4/023.jpg,280.01,K
Halo Graphic Novel/halo_gn_003IFC_rougher.jpg,278.91,K
Halo Graphic Novel/halo_gn_132IBC_rougher.jpg,278.71,K
Uprising/Halo Uprising 3/012.jpg,277.28,K
Uprising/Halo Uprising 2/08.jpg,264.35,K
Uprising/Halo Uprising 2/012.jpg,262.62,K
Uprising/Halo Uprising 4/005.jpg,261.42,K
Uprising/Halo Uprising 3/028.jpg,256.01,K
Uprising/Halo Uprising 2/007.jpg,253.89,K
Uprising/Halo Uprising 3/013.jpg,253.21,K
Uprising/Halo Uprising 3/017.jpg,253.02,K
Uprising/Halo Uprising 2/006.jpg,252.33,K
Uprising/Halo Uprising 4/015.jpg,251.68,K
Uprising/Halo Uprising 2/011.jpg,248.26,K
Uprising/Halo Uprising 3/008.jpg,242.65,K
Uprising/Halo Uprising 2/019.jpg,241.5,K
Uprising/Halo Uprising 3/011.jpg,241.38,K
Uprising/Halo Uprising 4/016.jpg,237.46,K
Uprising/Halo Uprising 3/016.jpg,234.7,K
Uprising/Halo Uprising 4/017.jpg,234.4,K
Uprising/Halo Uprising 4/014.jpg,233.94,K
Uprising/Halo Uprising 3/014.jpg,233.55,K
Uprising/Halo Uprising 2/025.jpg,233.2,K
Uprising/Halo Uprising 3/022.jpg,232.7,K
Uprising/Halo Uprising 4/019.jpg,232.53,K
Uprising/Halo Uprising 4/008.jpg,232.01,K
Uprising/Halo Uprising 2/015.jpg,231.51,K
Uprising/Halo Uprising 2/014.jpg,230.68,K
Uprising/Halo Uprising 3/015.jpg,229.72,K
Uprising/Halo Uprising 3/010.jpg,228.83,K
Uprising/Halo Uprising 3/004.jpg,228.36,K
Uprising/Halo Uprising 2/024.jpg,227.49,K
Uprising/Halo Uprising 4/001.jpg,227.38,K
Uprising/Halo Uprising 2/005.jpg,226.61,K
Uprising/Halo Uprising 4/002.jpg,223.21,K
Uprising/Halo Uprising 3/030.jpg,222.87,K
Uprising/Halo Uprising 2/018.jpg,219.28,K
Uprising/Halo Uprising 3/002.jpg,218.89,K
Uprising/Halo Uprising 3/020.jpg,218.78,K
Uprising/Halo Uprising 3/018.jpg,218.45,K
Uprising/Halo Uprising 4/022.jpg,217.25,K
Uprising/Halo Uprising 4/029.jpg,217.25,K
Uprising/Halo Uprising 4/007.jpg,216.85,K
Uprising/Halo Uprising 2/001.jpg,213.78,K
Uprising/Halo Uprising 3/021.jpg,210.9,K
Uprising/Halo Uprising 4/030.jpg,210.55,K
Uprising/Halo Uprising 4/018.jpg,209.76,K
Halo Graphic Novel/halo_gn_001IFJC_rougher.jpg,209.5,K
Uprising/Halo Uprising 2/004.jpg,208.75,K
Uprising/Halo Uprising 3/029.jpg,206.08,K
Uprising/Halo Uprising 3/003.jpg,203.41,K
Uprising/Halo Uprising 3/026.jpg,202.4,K
Uprising/Halo Uprising 2/002.jpg,202.28,K
Uprising/Halo Uprising 2/003.jpg,201.86,K
Uprising/Halo Uprising 4/010.jpg,200.49,K
Uprising/Halo Uprising 3/019.jpg,200.4,K
Uprising/Halo Uprising 4/009.jpg,200.23,K
Uprising/Halo Uprising 4/027.jpg,196.46,K
Uprising/Halo Uprising 2/009.jpg,195.59,K
Uprising/Halo Uprising 4/012.jpg,194.72,K
Uprising/Halo Uprising 2/016.jpg,191.71,K
Uprising/Halo Uprising 4/011.jpg,190.68,K
Uprising/Halo Uprising 3/007.jpg,189.45,K
Uprising/Halo Uprising 4/004.jpg,189.21,K
Uprising/Halo Uprising 3/024.jpg,187.21,K
Uprising/Halo Uprising 2/023.jpg,185.8,K
Uprising/Halo Uprising 4/013.jpg,185.5,K
Uprising/Halo Uprising 4/024.jpg,184.97,K
Uprising/Halo Uprising 2/021.jpg,183.3,K
Uprising/Halo Uprising 4/028.jpg,181.36,K
Uprising/Halo Uprising 3/025.jpg,180.1,K
Halo Graphic Novel/halo_gn_133IBJC_rougher.jpg,179.86,K
Uprising/Halo Uprising 2/010.jpg,179.56,K
Uprising/Halo Uprising 2/022.jpg,177.13,K
Uprising/Halo Uprising 3/027.jpg,175.91,K
Uprising/Halo Uprising 4/020.jpg,175.43,K
Uprising/Halo Uprising 4/003.jpg,175.16,K
Uprising/Halo Uprising 3/006.jpg,172.11,K
Uprising/Halo Uprising 2/017.jpg,170.46,K
Uprising/Halo Uprising 3/005.jpg,169.22,K
Uprising/Halo Uprising 4/025.jpg,165.74,K
Uprising/Halo Uprising 2/020.jpg,164.88,K
Uprising/Halo Uprising 4/021.jpg,159.65,K
Uprising/Halo Uprising 4/006.jpg,137.77,K
